Method,PF_Throughput_Mbps,RR_Throughput_Mbps
No Tilt,28.6797333333333,17.8221333333333
No Averaging,28.5142,16.56148
No ML,28.5410666666666,17.7342533333333
