Metric,Value_dB
RMSE,1.64342544052601
CI_Lower,1.45456779755342
CI_Upper,1.83228308349859
