Fold,MAE_degrees
1,1.74507007041747
2,0.499665145627347
3,0.104417648905146
4,0.166666666666667
