Epoch,TrainingMSE
1,0.256145098333662
2,5.29679019128881e-05
3,3.15600209630534e-07
4,2.1436043442831e-12
5,1.94931312235283e-21
