Terrain,Improvement_Percent,Effect_Size_Cohens_d
Urban,0.906839536747038,0.112778452018526
Suburban,0.528908853789306,0.0730391437440821
Hilly,2.17198908474077,0.296745212595077
Vehicular,1.38838143953236,0.183654949317366
